,GOOG,META,MSFT,TSLA,GFS,AAPL
Alpha,0.0007591876968734527,0.012583003160581863,-0.0013787080424719359,0.025108019739214706,-0.0058927777196783465,0.001484273774619945
Alpha_err,0.01003025917327605,0.01864068129373566,0.005043002467927528,0.019463289758992797,0.01707218797136094,0.007814404635494617
Adj_R2,0.4356036706588664,0.30187426853250354,0.757914979353217,0.6003847866303884,0.3822768984273861,0.6044799471220834
Mkt-RF,0.9125591000784601,1.2582610633221336,0.9521480236019142,1.2978092048695995,1.4942321042175826,1.1095098844023257
Mkt-RF_err,0.20867417761998658,0.38780940472708386,0.10491696919797802,0.4049233338913595,0.35517774003181524,0.1625745090661549
SMB,-0.17031804056890815,-0.8136959055752101,-0.6654393143499473,3.0627151673420494,0.7997103599685496,0.11167466262902459
SMB_err,0.3400072096101307,0.6318845727138612,0.17094844385930322,0.6597694761886335,0.5787155539856474,0.2648938446135077
HML,-0.8058594085734034,-1.2329561193532494,-0.6633020296462006,-2.0044132488575404,0.5263811781795031,-0.4740602332142395
HML_err,0.2512668144620453,0.46696546192528693,0.12633164742307593,0.4875725275099306,0.4276733246225812,0.19575770932316408
