,META,GOOG,GFS,MSFT,AAPL,TSLA
Alpha,0.01258299841190883,0.0007591892574771095,-0.0058927777196783465,-0.0013787172518386123,0.0014842735965897172,0.025108019739214706
Alpha_err,0.018640684873896477,0.010030266757002339,0.01707218797136094,0.0050430024676886296,0.007814407123662393,0.019463289758992797
Adj_R2,0.30187401353698684,0.4356032582291365,0.3822768984273861,0.7579150425741149,0.6044797517662867,0.6003847866303884
Mkt-RF,1.2582605125129085,0.9125591803365609,1.4942321042175826,0.9521483725624725,1.109510038511099,1.2978092048695995
Mkt-RF_err,0.38780947921041486,0.20867433539535607,0.35517774003181524,0.10491696919300786,0.16257456083115474,0.4049233338913595
SMB,-0.813696427740382,-0.17031707317031708,0.7997103599685496,-0.6654402319369954,0.11167443005242905,3.0627151673420494
SMB_err,0.6318846940746824,0.3400074666844067,0.5787155539856474,0.17094844385120497,0.26489392895778713,0.6597694761886335
HML,-1.2329558066219322,-0.8058591508955286,0.5263811781795031,-0.6633016328089885,-0.4740595756046726,-2.0044132488575404
HML_err,0.46696555161146436,0.2512670044410592,0.4276733246225812,0.1263316474170913,0.19575777165395536,0.4875725275099306
