,TSLA,GFS,META,GOOG,MSFT,AAPL
Alpha,0.025108019739214706,-0.0058927777196783465,0.01258299815281117,0.0007591818599528045,-0.0013787179348932017,0.0014842735426977083
Alpha_err,0.019463289758992797,0.01707218797136094,0.018640684074594113,0.010030262988083889,0.005043004750031758,0.007814408645736667
Adj_R2,0.6003847866303884,0.3822768984273861,0.30187431521469044,0.435603557788488,0.7579150044708851,0.6044794984578592
Mkt-RF,1.2978092048695995,1.4942321042175826,1.2582612627639198,0.912559528812976,0.9521488444012605,1.1095093193728496
Mkt-RF_err,0.4049233338913595,0.35517774003181524,0.3878094625813567,0.20867425698502343,0.10491701667593599,0.16257459249709594
SMB,3.0627151673420494,0.7997103599685496,-0.8136970040963627,-0.17031800277010029,-0.6654402532816458,0.11167455647263186
SMB_err,0.6597694761886335,0.5787155539856474,0.6318846669798126,0.34000733892505136,0.1709485212184101,0.26489398055328606
HML,-2.0044132488575404,0.5263811781795031,-1.232956424997696,-0.8058590939859912,-0.6633016711329778,-0.47406057272577323
HML_err,0.4875725275099306,0.4276733246225812,0.4669655315882371,0.25126691002633705,0.12633170459179413,0.19575780978325466
