,META,GOOG,GFS,TSLA,MSFT,AAPL,MU
Alpha,0.012582993543131088,0.0007591767845193855,-0.0058927777196783465,0.025108019739214706,-0.001378711988522247,0.0014842795473265441,-0.00876542606484337
Alpha_err,0.018640680893797997,0.010030261504155227,0.01707218797136094,0.019463289758992797,0.005043003292998533,0.007814408547175924,0.014533152983921686
Adj_R2,0.30187426319621957,0.4356036209544196,0.3822768984273861,0.6003847866303884,0.7579151243113245,0.6044797422064563,0.3928479554556371
Mkt-RF,1.258261154972772,0.91255930614097,1.4942321042175826,1.2978092048695995,0.9521488138545972,1.1095098184011327,1.5530914780352336
Mkt-RF_err,0.3878093964065946,0.20867422611268127,0.35517774003181524,0.4049233338913595,0.10491698636313901,0.1625745904465924,0.30235447506934
SMB,-0.8136971355841366,-0.17031851914287155,0.7997103599685496,3.0627151673420494,-0.665439716698859,0.11167492079296665,-0.5948431172062545
SMB_err,0.6318845591567152,0.34000728862261803,0.5787155539856474,0.6597694761886335,0.17094847182768222,0.26489397721225943,0.49264697028625454
HML,-1.2329557136137823,-0.80585944870491,0.5263811781795031,-2.0044132488575404,-0.6633019157208663,-0.4740606798114574,0.5268982028589269
HML_err,0.46696545190649663,0.2512668728526189,0.4276733246225812,0.4875725275099306,0.1263316680918303,0.19575780731422135,0.36406826496456973
